phase,patterns,corpus,searcher,threads_label,tag,thr,bytes,matches,min_ms,mean_ms,median_ms,max_ms,cv_pct,mbps,gbps,wrk,pattern_count,automaton_states,automaton_kib,build_ms,warmup,iters,log_file
H_skew,patterns_et_32,enron_skew_clustered,pthread_chunked_flat,12,rep01_perthread,12,4294967296,141136256,14368.984,18581.627,20009.395,21366.503,19.97,220.43,1.8491,12,44678,508896,518942.72,451.319,1,3,runs/i5_2026-07-02/H_skew/patterns_et_32__enron_skew_clustered__pthread_chunked_flat__T12_rep01_perthread.log
H_skew,patterns_et_32,enron_skew_clustered,pthread_chunked_flat,12,rep02_perthread,12,4294967296,141136256,14189.743,16995.187,17332.919,19462.898,15.61,241.01,2.0217,12,44678,508896,518942.72,454.059,1,3,runs/i5_2026-07-02/H_skew/patterns_et_32__enron_skew_clustered__pthread_chunked_flat__T12_rep02_perthread.log
H_skew,patterns_et_32,enron_skew_clustered,pthread_chunked_flat,12,rep03_perthread,12,4294967296,141136256,15042.237,16839.643,15544.650,19932.041,15.97,243.24,2.0404,12,44678,508896,518942.72,456.868,1,3,runs/i5_2026-07-02/H_skew/patterns_et_32__enron_skew_clustered__pthread_chunked_flat__T12_rep03_perthread.log
H_skew,patterns_et_32,enron_skew_clustered,pthread_chunked_flat,12,rep04_perthread,12,4294967296,141136256,15613.872,18667.377,19947.196,20441.064,14.23,219.42,1.8406,12,44678,508896,518942.72,458.603,1,3,runs/i5_2026-07-02/H_skew/patterns_et_32__enron_skew_clustered__pthread_chunked_flat__T12_rep04_perthread.log
H_skew,patterns_et_32,enron_skew_clustered,pthread_chunked_flat,12,rep05_perthread,12,4294967296,141136256,14506.132,16864.668,15954.755,20133.116,17.32,242.87,2.0374,12,44678,508896,518942.72,457.792,1,3,runs/i5_2026-07-02/H_skew/patterns_et_32__enron_skew_clustered__pthread_chunked_flat__T12_rep05_perthread.log
H_skew,patterns_et_32,enron_skew_clustered,pthread_chunked_v2,12,rep01_perthread,12,4294967296,141136256,18953.153,21544.073,22711.261,22967.806,10.43,190.12,1.5949,12,44678,508896,518942.72,454.584,1,3,runs/i5_2026-07-02/H_skew/patterns_et_32__enron_skew_clustered__pthread_chunked_v2__T12_rep01_perthread.log
H_skew,patterns_et_32,enron_skew_clustered,pthread_chunked_v2,12,rep02_perthread,12,4294967296,141136256,18335.904,19907.650,18408.230,22978.817,13.36,205.75,1.7260,12,44678,508896,518942.72,498.706,1,3,runs/i5_2026-07-02/H_skew/patterns_et_32__enron_skew_clustered__pthread_chunked_v2__T12_rep02_perthread.log
H_skew,patterns_et_32,enron_skew_clustered,pthread_chunked_v2,12,rep03_perthread,12,4294967296,141136256,18390.705,21415.127,21709.323,24145.354,13.49,191.27,1.6045,12,44678,508896,518942.72,456.885,1,3,runs/i5_2026-07-02/H_skew/patterns_et_32__enron_skew_clustered__pthread_chunked_v2__T12_rep03_perthread.log
H_skew,patterns_et_32,enron_skew_clustered,pthread_chunked_v2,12,rep04_perthread,12,4294967296,141136256,19466.492,20424.871,20520.808,21287.312,4.48,200.54,1.6822,12,44678,508896,518942.72,504.832,1,3,runs/i5_2026-07-02/H_skew/patterns_et_32__enron_skew_clustered__pthread_chunked_v2__T12_rep04_perthread.log
H_skew,patterns_et_32,enron_skew_clustered,pthread_chunked_v2,12,rep05_perthread,12,4294967296,141136256,20018.792,20900.588,20554.717,22128.254,5.25,195.98,1.6440,12,44678,508896,518942.72,456.169,1,3,runs/i5_2026-07-02/H_skew/patterns_et_32__enron_skew_clustered__pthread_chunked_v2__T12_rep05_perthread.log
H_skew,patterns_et_32,enron_skew_clustered,pthread_chunked_v3,12,rep01_perthread,12,4294967296,141136256,18705.791,19792.063,18934.017,21736.381,8.53,206.95,1.7360,12,44678,508896,518942.72,496.218,1,3,runs/i5_2026-07-02/H_skew/patterns_et_32__enron_skew_clustered__pthread_chunked_v3__T12_rep01_perthread.log
H_skew,patterns_et_32,enron_skew_clustered,pthread_chunked_v3,12,rep02_perthread,12,4294967296,141136256,18549.924,20615.289,20974.832,22321.110,9.27,198.69,1.6667,12,44678,508896,518942.72,454.447,1,3,runs/i5_2026-07-02/H_skew/patterns_et_32__enron_skew_clustered__pthread_chunked_v3__T12_rep02_perthread.log
H_skew,patterns_et_32,enron_skew_clustered,pthread_chunked_v3,12,rep03_perthread,12,4294967296,141136256,18226.436,19805.970,19017.530,22173.945,10.54,206.81,1.7348,12,44678,508896,518942.72,474.658,1,3,runs/i5_2026-07-02/H_skew/patterns_et_32__enron_skew_clustered__pthread_chunked_v3__T12_rep03_perthread.log
H_skew,patterns_et_32,enron_skew_clustered,pthread_chunked_v3,12,rep04_perthread,12,4294967296,141136256,19081.183,20657.528,20875.279,22016.122,7.16,198.28,1.6633,12,44678,508896,518942.72,455.067,1,3,runs/i5_2026-07-02/H_skew/patterns_et_32__enron_skew_clustered__pthread_chunked_v3__T12_rep04_perthread.log
H_skew,patterns_et_32,enron_skew_clustered,pthread_chunked_v3,12,rep05_perthread,12,4294967296,141136256,18086.681,19846.549,18944.709,22508.256,11.81,206.38,1.7313,12,44678,508896,518942.72,498.764,1,3,runs/i5_2026-07-02/H_skew/patterns_et_32__enron_skew_clustered__pthread_chunked_v3__T12_rep05_perthread.log
H_skew,patterns_et_32,enron_skew_clustered,pthread_dynamic,12,rep01_perthread,12,4294967296,141136256,13872.059,15643.379,15104.074,17954.004,13.38,261.84,2.1964,12,44678,508896,518942.72,454.471,1,3,runs/i5_2026-07-02/H_skew/patterns_et_32__enron_skew_clustered__pthread_dynamic__T12_rep01_perthread.log
H_skew,patterns_et_32,enron_skew_clustered,pthread_dynamic,12,rep02_perthread,12,4294967296,141136256,14676.376,15847.942,15139.373,17728.078,10.38,258.46,2.1681,12,44678,508896,518942.72,501.050,1,3,runs/i5_2026-07-02/H_skew/patterns_et_32__enron_skew_clustered__pthread_dynamic__T12_rep02_perthread.log
H_skew,patterns_et_32,enron_skew_clustered,pthread_dynamic,12,rep03_perthread,12,4294967296,141136256,14284.291,16159.196,14403.790,19789.506,19.46,253.48,2.1263,12,44678,508896,518942.72,487.042,1,3,runs/i5_2026-07-02/H_skew/patterns_et_32__enron_skew_clustered__pthread_dynamic__T12_rep03_perthread.log
H_skew,patterns_et_32,enron_skew_clustered,pthread_dynamic,12,rep04_perthread,12,4294967296,141136256,12725.827,15362.828,16440.119,16922.539,14.95,266.62,2.2366,12,44678,508896,518942.72,490.564,1,3,runs/i5_2026-07-02/H_skew/patterns_et_32__enron_skew_clustered__pthread_dynamic__T12_rep04_perthread.log
H_skew,patterns_et_32,enron_skew_clustered,pthread_dynamic,12,rep05_perthread,12,4294967296,141136256,12994.762,15609.903,14756.578,19078.368,20.05,262.40,2.2012,12,44678,508896,518942.72,453.282,1,3,runs/i5_2026-07-02/H_skew/patterns_et_32__enron_skew_clustered__pthread_dynamic__T12_rep05_perthread.log
H_skew,patterns_et_32,enron_skew_clustered,pthread_dynamic_flat,12,rep01_perthread,12,4294967296,141136256,11140.067,12769.490,11943.757,15224.647,16.95,320.76,2.6908,12,44678,508896,518942.72,456.072,1,3,runs/i5_2026-07-02/H_skew/patterns_et_32__enron_skew_clustered__pthread_dynamic_flat__T12_rep01_perthread.log
H_skew,patterns_et_32,enron_skew_clustered,pthread_dynamic_flat,12,rep02_perthread,12,4294967296,141136256,10330.839,12401.162,12824.362,14048.286,15.28,330.29,2.7707,12,44678,508896,518942.72,495.101,1,3,runs/i5_2026-07-02/H_skew/patterns_et_32__enron_skew_clustered__pthread_dynamic_flat__T12_rep02_perthread.log
H_skew,patterns_et_32,enron_skew_clustered,pthread_dynamic_flat,12,rep03_perthread,12,4294967296,141136256,10498.590,12311.721,11416.571,15020.002,19.41,332.69,2.7908,12,44678,508896,518942.72,452.417,1,3,runs/i5_2026-07-02/H_skew/patterns_et_32__enron_skew_clustered__pthread_dynamic_flat__T12_rep03_perthread.log
H_skew,patterns_et_32,enron_skew_clustered,pthread_dynamic_flat,12,rep04_perthread,12,4294967296,141136256,10578.866,12831.358,11603.453,16311.755,23.83,319.22,2.6778,12,44678,508896,518942.72,453.704,1,3,runs/i5_2026-07-02/H_skew/patterns_et_32__enron_skew_clustered__pthread_dynamic_flat__T12_rep04_perthread.log
H_skew,patterns_et_32,enron_skew_clustered,pthread_dynamic_flat,12,rep05_perthread,12,4294967296,141136256,10399.007,13021.705,13063.931,15602.176,19.98,314.55,2.6387,12,44678,508896,518942.72,462.152,1,3,runs/i5_2026-07-02/H_skew/patterns_et_32__enron_skew_clustered__pthread_dynamic_flat__T12_rep05_perthread.log
H_skew,patterns_et_32,enron_skew_uniform,pthread_chunked_flat,12,rep01_perthread,12,4294967296,141136256,11296.098,14409.386,13422.343,18509.718,25.72,284.26,2.3845,12,44678,508896,518942.72,452.564,1,3,runs/i5_2026-07-02/H_skew/patterns_et_32__enron_skew_uniform__pthread_chunked_flat__T12_rep01_perthread.log
H_skew,patterns_et_32,enron_skew_uniform,pthread_chunked_flat,12,rep02_perthread,12,4294967296,141136256,13846.601,16378.087,16896.195,18391.465,14.14,250.09,2.0979,12,44678,508896,518942.72,455.484,1,3,runs/i5_2026-07-02/H_skew/patterns_et_32__enron_skew_uniform__pthread_chunked_flat__T12_rep02_perthread.log
H_skew,patterns_et_32,enron_skew_uniform,pthread_chunked_flat,12,rep03_perthread,12,4294967296,141136256,11114.505,13880.010,14185.320,16340.205,18.92,295.10,2.4755,12,44678,508896,518942.72,453.809,1,3,runs/i5_2026-07-02/H_skew/patterns_et_32__enron_skew_uniform__pthread_chunked_flat__T12_rep03_perthread.log
H_skew,patterns_et_32,enron_skew_uniform,pthread_chunked_flat,12,rep04_perthread,12,4294967296,141136256,11437.647,14233.492,12471.392,18791.437,27.97,287.77,2.4140,12,44678,508896,518942.72,457.921,1,3,runs/i5_2026-07-02/H_skew/patterns_et_32__enron_skew_uniform__pthread_chunked_flat__T12_rep04_perthread.log
H_skew,patterns_et_32,enron_skew_uniform,pthread_chunked_flat,12,rep05_perthread,12,4294967296,141136256,11811.777,14129.800,12946.100,17631.522,21.83,289.88,2.4317,12,44678,508896,518942.72,452.444,1,3,runs/i5_2026-07-02/H_skew/patterns_et_32__enron_skew_uniform__pthread_chunked_flat__T12_rep05_perthread.log
H_skew,patterns_et_32,enron_skew_uniform,pthread_chunked_v2,12,rep01_perthread,12,4294967296,141136256,13802.537,19265.852,21766.579,22228.441,24.59,212.60,1.7835,12,44678,508896,518942.72,449.085,1,3,runs/i5_2026-07-02/H_skew/patterns_et_32__enron_skew_uniform__pthread_chunked_v2__T12_rep01_perthread.log
H_skew,patterns_et_32,enron_skew_uniform,pthread_chunked_v2,12,rep02_perthread,12,4294967296,141136256,13984.454,17109.532,16225.242,21118.899,21.32,239.40,2.0082,12,44678,508896,518942.72,453.529,1,3,runs/i5_2026-07-02/H_skew/patterns_et_32__enron_skew_uniform__pthread_chunked_v2__T12_rep02_perthread.log
H_skew,patterns_et_32,enron_skew_uniform,pthread_chunked_v2,12,rep03_perthread,12,4294967296,141136256,13932.829,16516.235,14696.994,20918.882,23.20,248.00,2.0804,12,44678,508896,518942.72,456.212,1,3,runs/i5_2026-07-02/H_skew/patterns_et_32__enron_skew_uniform__pthread_chunked_v2__T12_rep03_perthread.log
H_skew,patterns_et_32,enron_skew_uniform,pthread_chunked_v2,12,rep04_perthread,12,4294967296,141136256,14292.386,17163.080,17898.594,19298.261,15.05,238.65,2.0020,12,44678,508896,518942.72,493.857,1,3,runs/i5_2026-07-02/H_skew/patterns_et_32__enron_skew_uniform__pthread_chunked_v2__T12_rep04_perthread.log
H_skew,patterns_et_32,enron_skew_uniform,pthread_chunked_v2,12,rep05_perthread,12,4294967296,141136256,13754.105,18922.455,21296.316,21716.943,23.68,216.46,1.8158,12,44678,508896,518942.72,453.285,1,3,runs/i5_2026-07-02/H_skew/patterns_et_32__enron_skew_uniform__pthread_chunked_v2__T12_rep05_perthread.log
H_skew,patterns_et_32,enron_skew_uniform,pthread_chunked_v3,12,rep01_perthread,12,4294967296,141136256,17505.906,19965.138,18655.517,23733.991,16.60,205.16,1.7210,12,44678,508896,518942.72,459.358,1,3,runs/i5_2026-07-02/H_skew/patterns_et_32__enron_skew_uniform__pthread_chunked_v3__T12_rep01_perthread.log
H_skew,patterns_et_32,enron_skew_uniform,pthread_chunked_v3,12,rep02_perthread,12,4294967296,141136256,18191.373,21273.679,22367.675,23261.988,12.72,192.54,1.6151,12,44678,508896,518942.72,492.754,1,3,runs/i5_2026-07-02/H_skew/patterns_et_32__enron_skew_uniform__pthread_chunked_v3__T12_rep02_perthread.log
H_skew,patterns_et_32,enron_skew_uniform,pthread_chunked_v3,12,rep03_perthread,12,4294967296,141136256,19022.820,20064.673,20092.697,21078.503,5.12,204.14,1.7124,12,44678,508896,518942.72,452.756,1,3,runs/i5_2026-07-02/H_skew/patterns_et_32__enron_skew_uniform__pthread_chunked_v3__T12_rep03_perthread.log
H_skew,patterns_et_32,enron_skew_uniform,pthread_chunked_v3,12,rep04_perthread,12,4294967296,141136256,20232.008,21186.896,21232.064,22096.616,4.40,193.33,1.6217,12,44678,508896,518942.72,452.558,1,3,runs/i5_2026-07-02/H_skew/patterns_et_32__enron_skew_uniform__pthread_chunked_v3__T12_rep04_perthread.log
H_skew,patterns_et_32,enron_skew_uniform,pthread_chunked_v3,12,rep05_perthread,12,4294967296,141136256,17400.128,21570.784,23454.946,23857.279,16.77,189.89,1.5929,12,44678,508896,518942.72,494.603,1,3,runs/i5_2026-07-02/H_skew/patterns_et_32__enron_skew_uniform__pthread_chunked_v3__T12_rep05_perthread.log
H_skew,patterns_et_32,enron_skew_uniform,pthread_dynamic,12,rep01_perthread,12,4294967296,141136256,19488.221,19974.082,19645.717,20788.307,3.55,205.07,1.7202,12,44678,508896,518942.72,505.515,1,3,runs/i5_2026-07-02/H_skew/patterns_et_32__enron_skew_uniform__pthread_dynamic__T12_rep01_perthread.log
H_skew,patterns_et_32,enron_skew_uniform,pthread_dynamic,12,rep02_perthread,12,4294967296,141136256,20321.730,20902.605,20770.230,21615.856,3.14,195.96,1.6438,12,44678,508896,518942.72,455.685,1,3,runs/i5_2026-07-02/H_skew/patterns_et_32__enron_skew_uniform__pthread_dynamic__T12_rep02_perthread.log
H_skew,patterns_et_32,enron_skew_uniform,pthread_dynamic,12,rep03_perthread,12,4294967296,141136256,18687.281,19647.221,19675.669,20578.714,4.82,208.48,1.7488,12,44678,508896,518942.72,496.579,1,3,runs/i5_2026-07-02/H_skew/patterns_et_32__enron_skew_uniform__pthread_dynamic__T12_rep03_perthread.log
H_skew,patterns_et_32,enron_skew_uniform,pthread_dynamic,12,rep04_perthread,12,4294967296,141136256,19142.131,20811.326,21330.085,21961.762,7.11,196.82,1.6510,12,44678,508896,518942.72,452.675,1,3,runs/i5_2026-07-02/H_skew/patterns_et_32__enron_skew_uniform__pthread_dynamic__T12_rep04_perthread.log
H_skew,patterns_et_32,enron_skew_uniform,pthread_dynamic,12,rep05_perthread,12,4294967296,141136256,17119.012,18943.998,17150.041,22562.940,16.54,216.22,1.8138,12,44678,508896,518942.72,454.253,1,3,runs/i5_2026-07-02/H_skew/patterns_et_32__enron_skew_uniform__pthread_dynamic__T12_rep05_perthread.log
H_skew,patterns_et_32,enron_skew_uniform,pthread_dynamic_flat,12,rep01_perthread,12,4294967296,141136256,14176.737,16280.307,14719.132,19945.053,19.57,251.59,2.1105,12,44678,508896,518942.72,455.964,1,3,runs/i5_2026-07-02/H_skew/patterns_et_32__enron_skew_uniform__pthread_dynamic_flat__T12_rep01_perthread.log
H_skew,patterns_et_32,enron_skew_uniform,pthread_dynamic_flat,12,rep02_perthread,12,4294967296,141136256,12898.938,16352.106,15129.198,21028.183,25.69,250.49,2.1012,12,44678,508896,518942.72,452.717,1,3,runs/i5_2026-07-02/H_skew/patterns_et_32__enron_skew_uniform__pthread_dynamic_flat__T12_rep02_perthread.log
H_skew,patterns_et_32,enron_skew_uniform,pthread_dynamic_flat,12,rep03_perthread,12,4294967296,141136256,12971.201,16695.930,16906.103,20210.488,21.71,245.33,2.0580,12,44678,508896,518942.72,452.288,1,3,runs/i5_2026-07-02/H_skew/patterns_et_32__enron_skew_uniform__pthread_dynamic_flat__T12_rep03_perthread.log
H_skew,patterns_et_32,enron_skew_uniform,pthread_dynamic_flat,12,rep04_perthread,12,4294967296,141136256,13111.190,17788.179,19781.942,20471.406,22.85,230.27,1.9316,12,44678,508896,518942.72,454.121,1,3,runs/i5_2026-07-02/H_skew/patterns_et_32__enron_skew_uniform__pthread_dynamic_flat__T12_rep04_perthread.log
H_skew,patterns_et_32,enron_skew_uniform,pthread_dynamic_flat,12,rep05_perthread,12,4294967296,141136256,13186.410,16871.575,18514.422,18913.894,18.95,242.78,2.0365,12,44678,508896,518942.72,452.696,1,3,runs/i5_2026-07-02/H_skew/patterns_et_32__enron_skew_uniform__pthread_dynamic_flat__T12_rep05_perthread.log
H_skew,patterns_snort,enron_skew_clustered,pthread_chunked_flat,12,rep01_perthread,12,4294967296,94304128,10099.370,12327.068,13277.989,13603.846,15.71,332.28,2.7873,12,4188,55479,56555.52,43.575,1,3,runs/i5_2026-07-02/H_skew/patterns_snort__enron_skew_clustered__pthread_chunked_flat__T12_rep01_perthread.log
H_skew,patterns_snort,enron_skew_clustered,pthread_chunked_flat,12,rep02_perthread,12,4294967296,94304128,10093.950,11997.244,11110.394,14787.388,20.58,341.41,2.8640,12,4188,55479,56555.52,47.731,1,3,runs/i5_2026-07-02/H_skew/patterns_snort__enron_skew_clustered__pthread_chunked_flat__T12_rep02_perthread.log
H_skew,patterns_snort,enron_skew_clustered,pthread_chunked_flat,12,rep03_perthread,12,4294967296,94304128,10122.286,12292.946,11799.340,14957.213,19.97,333.20,2.7951,12,4188,55479,56555.52,42.393,1,3,runs/i5_2026-07-02/H_skew/patterns_snort__enron_skew_clustered__pthread_chunked_flat__T12_rep03_perthread.log
H_skew,patterns_snort,enron_skew_clustered,pthread_chunked_flat,12,rep04_perthread,12,4294967296,94304128,10276.681,12371.804,13395.788,13442.943,14.67,331.08,2.7773,12,4188,55479,56555.52,45.869,1,3,runs/i5_2026-07-02/H_skew/patterns_snort__enron_skew_clustered__pthread_chunked_flat__T12_rep04_perthread.log
H_skew,patterns_snort,enron_skew_clustered,pthread_chunked_flat,12,rep05_perthread,12,4294967296,94304128,10401.158,12260.297,12426.130,13953.602,14.53,334.09,2.8025,12,4188,55479,56555.52,42.464,1,3,runs/i5_2026-07-02/H_skew/patterns_snort__enron_skew_clustered__pthread_chunked_flat__T12_rep05_perthread.log
H_skew,patterns_snort,enron_skew_clustered,pthread_chunked_v2,12,rep01_perthread,12,4294967296,94304128,9969.594,12920.678,13198.753,15593.686,21.84,317.01,2.6593,12,4188,55479,56555.52,43.312,1,3,runs/i5_2026-07-02/H_skew/patterns_snort__enron_skew_clustered__pthread_chunked_v2__T12_rep01_perthread.log
H_skew,patterns_snort,enron_skew_clustered,pthread_chunked_v2,12,rep02_perthread,12,4294967296,94304128,10788.170,13081.843,13176.153,15281.207,17.18,313.11,2.6265,12,4188,55479,56555.52,43.675,1,3,runs/i5_2026-07-02/H_skew/patterns_snort__enron_skew_clustered__pthread_chunked_v2__T12_rep02_perthread.log
H_skew,patterns_snort,enron_skew_clustered,pthread_chunked_v2,12,rep03_perthread,12,4294967296,94304128,11134.472,12744.076,12101.748,14996.009,15.77,321.40,2.6961,12,4188,55479,56555.52,44.340,1,3,runs/i5_2026-07-02/H_skew/patterns_snort__enron_skew_clustered__pthread_chunked_v2__T12_rep03_perthread.log
H_skew,patterns_snort,enron_skew_clustered,pthread_chunked_v2,12,rep04_perthread,12,4294967296,94304128,10971.578,13192.372,13295.168,15310.371,16.46,310.48,2.6045,12,4188,55479,56555.52,43.493,1,3,runs/i5_2026-07-02/H_skew/patterns_snort__enron_skew_clustered__pthread_chunked_v2__T12_rep04_perthread.log
H_skew,patterns_snort,enron_skew_clustered,pthread_chunked_v2,12,rep05_perthread,12,4294967296,94304128,10856.203,12403.214,11360.084,14993.355,18.20,330.24,2.7702,12,4188,55479,56555.52,42.428,1,3,runs/i5_2026-07-02/H_skew/patterns_snort__enron_skew_clustered__pthread_chunked_v2__T12_rep05_perthread.log
H_skew,patterns_snort,enron_skew_clustered,pthread_chunked_v3,12,rep01_perthread,12,4294967296,94304128,10485.566,12744.629,12082.637,15665.686,20.81,321.39,2.6960,12,4188,55479,56555.52,43.776,1,3,runs/i5_2026-07-02/H_skew/patterns_snort__enron_skew_clustered__pthread_chunked_v3__T12_rep01_perthread.log
H_skew,patterns_snort,enron_skew_clustered,pthread_chunked_v3,12,rep02_perthread,12,4294967296,94304128,10427.974,12952.742,13464.511,14965.741,17.85,316.23,2.6527,12,4188,55479,56555.52,45.993,1,3,runs/i5_2026-07-02/H_skew/patterns_snort__enron_skew_clustered__pthread_chunked_v3__T12_rep02_perthread.log
H_skew,patterns_snort,enron_skew_clustered,pthread_chunked_v3,12,rep03_perthread,12,4294967296,94304128,11176.776,13152.050,13282.027,14997.347,14.55,311.43,2.6125,12,4188,55479,56555.52,43.909,1,3,runs/i5_2026-07-02/H_skew/patterns_snort__enron_skew_clustered__pthread_chunked_v3__T12_rep03_perthread.log
H_skew,patterns_snort,enron_skew_clustered,pthread_chunked_v3,12,rep04_perthread,12,4294967296,94304128,10455.054,12777.721,12908.849,14969.260,17.69,320.56,2.6890,12,4188,55479,56555.52,47.779,1,3,runs/i5_2026-07-02/H_skew/patterns_snort__enron_skew_clustered__pthread_chunked_v3__T12_rep04_perthread.log
H_skew,patterns_snort,enron_skew_clustered,pthread_chunked_v3,12,rep05_perthread,12,4294967296,94304128,11110.466,12933.754,12576.237,15114.560,15.66,316.69,2.6566,12,4188,55479,56555.52,42.554,1,3,runs/i5_2026-07-02/H_skew/patterns_snort__enron_skew_clustered__pthread_chunked_v3__T12_rep05_perthread.log
H_skew,patterns_snort,enron_skew_clustered,pthread_dynamic,12,rep01_perthread,12,4294967296,94304128,8459.580,10347.144,10674.728,11907.124,16.88,395.86,3.3207,12,4188,55479,56555.52,42.683,1,3,runs/i5_2026-07-02/H_skew/patterns_snort__enron_skew_clustered__pthread_dynamic__T12_rep01_perthread.log
H_skew,patterns_snort,enron_skew_clustered,pthread_dynamic,12,rep02_perthread,12,4294967296,94304128,8455.459,10141.091,9470.511,12497.304,20.73,403.90,3.3882,12,4188,55479,56555.52,43.685,1,3,runs/i5_2026-07-02/H_skew/patterns_snort__enron_skew_clustered__pthread_dynamic__T12_rep02_perthread.log
H_skew,patterns_snort,enron_skew_clustered,pthread_dynamic,12,rep03_perthread,12,4294967296,94304128,8273.209,8596.559,8307.113,9209.355,6.18,476.47,3.9969,12,4188,55479,56555.52,46.209,1,3,runs/i5_2026-07-02/H_skew/patterns_snort__enron_skew_clustered__pthread_dynamic__T12_rep03_perthread.log
H_skew,patterns_snort,enron_skew_clustered,pthread_dynamic,12,rep04_perthread,12,4294967296,94304128,8261.605,9243.620,8344.473,11124.782,17.63,443.12,3.7171,12,4188,55479,56555.52,46.946,1,3,runs/i5_2026-07-02/H_skew/patterns_snort__enron_skew_clustered__pthread_dynamic__T12_rep04_perthread.log
H_skew,patterns_snort,enron_skew_clustered,pthread_dynamic,12,rep05_perthread,12,4294967296,94304128,8153.117,9507.648,8687.556,11682.272,20.01,430.81,3.6139,12,4188,55479,56555.52,45.622,1,3,runs/i5_2026-07-02/H_skew/patterns_snort__enron_skew_clustered__pthread_dynamic__T12_rep05_perthread.log
H_skew,patterns_snort,enron_skew_clustered,pthread_dynamic_flat,12,rep01_perthread,12,4294967296,94304128,8760.881,10119.561,10072.740,11525.063,13.66,404.76,3.3954,12,4188,55479,56555.52,43.507,1,3,runs/i5_2026-07-02/H_skew/patterns_snort__enron_skew_clustered__pthread_dynamic_flat__T12_rep01_perthread.log
H_skew,patterns_snort,enron_skew_clustered,pthread_dynamic_flat,12,rep02_perthread,12,4294967296,94304128,7469.255,9970.509,10885.036,11557.236,21.99,410.81,3.4461,12,4188,55479,56555.52,42.146,1,3,runs/i5_2026-07-02/H_skew/patterns_snort__enron_skew_clustered__pthread_dynamic_flat__T12_rep02_perthread.log
H_skew,patterns_snort,enron_skew_clustered,pthread_dynamic_flat,12,rep03_perthread,12,4294967296,94304128,7666.704,8839.697,7990.220,10862.168,19.90,463.36,3.8870,12,4188,55479,56555.52,43.928,1,3,runs/i5_2026-07-02/H_skew/patterns_snort__enron_skew_clustered__pthread_dynamic_flat__T12_rep03_perthread.log
H_skew,patterns_snort,enron_skew_clustered,pthread_dynamic_flat,12,rep04_perthread,12,4294967296,94304128,7054.689,8280.084,7713.576,10071.986,19.16,494.68,4.1497,12,4188,55479,56555.52,46.268,1,3,runs/i5_2026-07-02/H_skew/patterns_snort__enron_skew_clustered__pthread_dynamic_flat__T12_rep04_perthread.log
H_skew,patterns_snort,enron_skew_clustered,pthread_dynamic_flat,12,rep05_perthread,12,4294967296,94304128,7405.702,8967.215,8104.332,11391.609,23.74,456.78,3.8317,12,4188,55479,56555.52,42.746,1,3,runs/i5_2026-07-02/H_skew/patterns_snort__enron_skew_clustered__pthread_dynamic_flat__T12_rep05_perthread.log
H_skew,patterns_snort,enron_skew_uniform,pthread_chunked_flat,12,rep01_perthread,12,4294967296,94304128,7344.896,9273.038,9929.178,10545.039,18.31,441.71,3.7053,12,4188,55479,56555.52,42.568,1,3,runs/i5_2026-07-02/H_skew/patterns_snort__enron_skew_uniform__pthread_chunked_flat__T12_rep01_perthread.log
H_skew,patterns_snort,enron_skew_uniform,pthread_chunked_flat,12,rep02_perthread,12,4294967296,94304128,7440.019,8525.258,7564.366,10571.389,20.80,480.45,4.0303,12,4188,55479,56555.52,42.680,1,3,runs/i5_2026-07-02/H_skew/patterns_snort__enron_skew_uniform__pthread_chunked_flat__T12_rep02_perthread.log
H_skew,patterns_snort,enron_skew_uniform,pthread_chunked_flat,12,rep03_perthread,12,4294967296,94304128,7429.587,8472.015,8531.995,9454.463,11.97,483.47,4.0557,12,4188,55479,56555.52,43.821,1,3,runs/i5_2026-07-02/H_skew/patterns_snort__enron_skew_uniform__pthread_chunked_flat__T12_rep03_perthread.log
H_skew,patterns_snort,enron_skew_uniform,pthread_chunked_flat,12,rep04_perthread,12,4294967296,94304128,7435.296,8658.346,7783.639,10756.102,21.08,473.07,3.9684,12,4188,55479,56555.52,45.615,1,3,runs/i5_2026-07-02/H_skew/patterns_snort__enron_skew_uniform__pthread_chunked_flat__T12_rep04_perthread.log
H_skew,patterns_snort,enron_skew_uniform,pthread_chunked_flat,12,rep05_perthread,12,4294967296,94304128,7489.452,9036.341,8595.665,11023.906,20.01,453.28,3.8024,12,4188,55479,56555.52,43.775,1,3,runs/i5_2026-07-02/H_skew/patterns_snort__enron_skew_uniform__pthread_chunked_flat__T12_rep05_perthread.log
H_skew,patterns_snort,enron_skew_uniform,pthread_chunked_v2,12,rep01_perthread,12,4294967296,94304128,7428.177,7720.837,7777.096,7957.239,3.48,530.51,4.4503,12,4188,55479,56555.52,43.191,1,3,runs/i5_2026-07-02/H_skew/patterns_snort__enron_skew_uniform__pthread_chunked_v2__T12_rep01_perthread.log
H_skew,patterns_snort,enron_skew_uniform,pthread_chunked_v2,12,rep02_perthread,12,4294967296,94304128,8092.043,8318.162,8370.960,8491.483,2.46,492.42,4.1307,12,4188,55479,56555.52,46.931,1,3,runs/i5_2026-07-02/H_skew/patterns_snort__enron_skew_uniform__pthread_chunked_v2__T12_rep02_perthread.log
H_skew,patterns_snort,enron_skew_uniform,pthread_chunked_v2,12,rep03_perthread,12,4294967296,94304128,8335.648,9175.337,8671.386,10518.978,12.81,446.41,3.7448,12,4188,55479,56555.52,45.864,1,3,runs/i5_2026-07-02/H_skew/patterns_snort__enron_skew_uniform__pthread_chunked_v2__T12_rep03_perthread.log
H_skew,patterns_snort,enron_skew_uniform,pthread_chunked_v2,12,rep04_perthread,12,4294967296,94304128,8185.911,9712.060,9842.913,11107.357,15.09,421.74,3.5378,12,4188,55479,56555.52,42.226,1,3,runs/i5_2026-07-02/H_skew/patterns_snort__enron_skew_uniform__pthread_chunked_v2__T12_rep04_perthread.log
H_skew,patterns_snort,enron_skew_uniform,pthread_chunked_v2,12,rep05_perthread,12,4294967296,94304128,8485.272,9860.647,9403.371,11693.297,16.76,415.39,3.4845,12,4188,55479,56555.52,42.740,1,3,runs/i5_2026-07-02/H_skew/patterns_snort__enron_skew_uniform__pthread_chunked_v2__T12_rep05_perthread.log
H_skew,patterns_snort,enron_skew_uniform,pthread_chunked_v3,12,rep01_perthread,12,4294967296,94304128,8830.932,9662.690,9484.734,10672.405,9.66,423.90,3.5559,12,4188,55479,56555.52,42.647,1,3,runs/i5_2026-07-02/H_skew/patterns_snort__enron_skew_uniform__pthread_chunked_v3__T12_rep01_perthread.log
H_skew,patterns_snort,enron_skew_uniform,pthread_chunked_v3,12,rep02_perthread,12,4294967296,94304128,8803.341,10371.692,9596.531,12715.203,19.94,394.92,3.3128,12,4188,55479,56555.52,48.010,1,3,runs/i5_2026-07-02/H_skew/patterns_snort__enron_skew_uniform__pthread_chunked_v3__T12_rep02_perthread.log
H_skew,patterns_snort,enron_skew_uniform,pthread_chunked_v3,12,rep03_perthread,12,4294967296,94304128,8898.565,10659.944,10239.708,12841.560,18.81,384.24,3.2233,12,4188,55479,56555.52,42.451,1,3,runs/i5_2026-07-02/H_skew/patterns_snort__enron_skew_uniform__pthread_chunked_v3__T12_rep03_perthread.log
H_skew,patterns_snort,enron_skew_uniform,pthread_chunked_v3,12,rep04_perthread,12,4294967296,94304128,8949.538,10331.943,9873.063,12173.228,16.07,396.44,3.3256,12,4188,55479,56555.52,42.654,1,3,runs/i5_2026-07-02/H_skew/patterns_snort__enron_skew_uniform__pthread_chunked_v3__T12_rep04_perthread.log
H_skew,patterns_snort,enron_skew_uniform,pthread_chunked_v3,12,rep05_perthread,12,4294967296,94304128,9199.657,11566.185,12215.495,13283.402,18.31,354.14,2.9707,12,4188,55479,56555.52,44.083,1,3,runs/i5_2026-07-02/H_skew/patterns_snort__enron_skew_uniform__pthread_chunked_v3__T12_rep05_perthread.log
H_skew,patterns_snort,enron_skew_uniform,pthread_dynamic,12,rep01_perthread,12,4294967296,94304128,9026.407,11008.650,11537.411,12462.132,16.15,372.07,3.1212,12,4188,55479,56555.52,43.745,1,3,runs/i5_2026-07-02/H_skew/patterns_snort__enron_skew_uniform__pthread_dynamic__T12_rep01_perthread.log
H_skew,patterns_snort,enron_skew_uniform,pthread_dynamic,12,rep02_perthread,12,4294967296,94304128,8910.027,10717.588,10053.554,13189.182,20.67,382.18,3.2059,12,4188,55479,56555.52,46.019,1,3,runs/i5_2026-07-02/H_skew/patterns_snort__enron_skew_uniform__pthread_dynamic__T12_rep02_perthread.log
H_skew,patterns_snort,enron_skew_uniform,pthread_dynamic,12,rep03_perthread,12,4294967296,94304128,9017.537,11290.580,11513.745,13340.460,19.22,362.78,3.0432,12,4188,55479,56555.52,44.356,1,3,runs/i5_2026-07-02/H_skew/patterns_snort__enron_skew_uniform__pthread_dynamic__T12_rep03_perthread.log
H_skew,patterns_snort,enron_skew_uniform,pthread_dynamic,12,rep04_perthread,12,4294967296,94304128,9176.885,11022.061,11339.218,12550.082,15.50,371.62,3.1174,12,4188,55479,56555.52,42.903,1,3,runs/i5_2026-07-02/H_skew/patterns_snort__enron_skew_uniform__pthread_dynamic__T12_rep04_perthread.log
H_skew,patterns_snort,enron_skew_uniform,pthread_dynamic,12,rep05_perthread,12,4294967296,94304128,9979.952,11464.356,10909.596,13503.521,15.93,357.28,2.9971,12,4188,55479,56555.52,43.619,1,3,runs/i5_2026-07-02/H_skew/patterns_snort__enron_skew_uniform__pthread_dynamic__T12_rep05_perthread.log
H_skew,patterns_snort,enron_skew_uniform,pthread_dynamic_flat,12,rep01_perthread,12,4294967296,94304128,8793.604,10485.328,9752.560,12909.821,20.54,390.64,3.2769,12,4188,55479,56555.52,42.363,1,3,runs/i5_2026-07-02/H_skew/patterns_snort__enron_skew_uniform__pthread_dynamic_flat__T12_rep01_perthread.log
H_skew,patterns_snort,enron_skew_uniform,pthread_dynamic_flat,12,rep02_perthread,12,4294967296,94304128,8588.175,9098.461,9003.583,9703.626,6.20,450.19,3.7764,12,4188,55479,56555.52,46.651,1,3,runs/i5_2026-07-02/H_skew/patterns_snort__enron_skew_uniform__pthread_dynamic_flat__T12_rep02_perthread.log
H_skew,patterns_snort,enron_skew_uniform,pthread_dynamic_flat,12,rep03_perthread,12,4294967296,94304128,8426.494,9671.072,8710.863,11875.859,19.80,423.53,3.5528,12,4188,55479,56555.52,45.993,1,3,runs/i5_2026-07-02/H_skew/patterns_snort__enron_skew_uniform__pthread_dynamic_flat__T12_rep03_perthread.log
H_skew,patterns_snort,enron_skew_uniform,pthread_dynamic_flat,12,rep04_perthread,12,4294967296,94304128,8501.538,10584.837,10334.305,12918.668,20.97,386.97,3.2461,12,4188,55479,56555.52,43.490,1,3,runs/i5_2026-07-02/H_skew/patterns_snort__enron_skew_uniform__pthread_dynamic_flat__T12_rep04_perthread.log
H_skew,patterns_snort,enron_skew_uniform,pthread_dynamic_flat,12,rep05_perthread,12,4294967296,94304128,9030.013,10869.168,10691.132,12886.360,17.80,376.85,3.1612,12,4188,55479,56555.52,44.117,1,3,runs/i5_2026-07-02/H_skew/patterns_snort__enron_skew_uniform__pthread_dynamic_flat__T12_rep05_perthread.log
R_replicated,patterns_snort,enron_corpus,pthread_chunked_flat,12,rep01,12,1421183736,17853987,848.914,1642.743,1005.944,3073.370,75.57,825.05,6.9210,12,4188,55479,56555.52,44.523,1,3,runs/i5_2026-07-02/R_replicated/patterns_snort__enron_corpus__pthread_chunked_flat__T12_rep01.log
R_replicated,patterns_snort,enron_corpus,pthread_chunked_flat,12,rep02,12,1421183736,17853987,845.940,1264.471,854.907,2092.564,56.72,1071.87,8.9915,12,4188,55479,56555.52,43.261,1,3,runs/i5_2026-07-02/R_replicated/patterns_snort__enron_corpus__pthread_chunked_flat__T12_rep02.log
R_replicated,patterns_snort,enron_corpus,pthread_chunked_flat,12,rep03,12,1421183736,17853987,847.196,855.200,853.194,865.209,1.07,1584.83,13.2945,12,4188,55479,56555.52,44.656,1,3,runs/i5_2026-07-02/R_replicated/patterns_snort__enron_corpus__pthread_chunked_flat__T12_rep03.log
R_replicated,patterns_snort,enron_corpus,pthread_chunked_flat,12,rep04,12,1421183736,17853987,854.177,1273.446,854.651,2111.511,56.99,1064.31,8.9281,12,4188,55479,56555.52,45.293,1,3,runs/i5_2026-07-02/R_replicated/patterns_snort__enron_corpus__pthread_chunked_flat__T12_rep04.log
R_replicated,patterns_snort,enron_corpus,pthread_chunked_flat,12,rep05,12,1421183736,17853987,858.541,858.757,858.784,858.945,0.02,1578.27,13.2395,12,4188,55479,56555.52,45.057,1,3,runs/i5_2026-07-02/R_replicated/patterns_snort__enron_corpus__pthread_chunked_flat__T12_rep05.log
R_replicated,patterns_snort,enron_corpus,pthread_chunked_flat,1,rep01,1,1421183736,17853987,5216.398,5219.774,5220.738,5222.187,0.06,259.66,2.1782,1,4188,55479,56555.52,117.287,1,3,runs/i5_2026-07-02/R_replicated/patterns_snort__enron_corpus__pthread_chunked_flat__T1_rep01.log
R_replicated,patterns_snort,enron_corpus,pthread_chunked_flat,1,rep02,1,1421183736,17853987,5216.466,5222.480,5224.810,5226.163,0.10,259.52,2.1770,1,4188,55479,56555.52,45.409,1,3,runs/i5_2026-07-02/R_replicated/patterns_snort__enron_corpus__pthread_chunked_flat__T1_rep02.log
R_replicated,patterns_snort,enron_corpus,pthread_chunked_flat,1,rep03,1,1421183736,17853987,5221.319,5224.429,5225.297,5226.671,0.05,259.42,2.1762,1,4188,55479,56555.52,45.172,1,3,runs/i5_2026-07-02/R_replicated/patterns_snort__enron_corpus__pthread_chunked_flat__T1_rep03.log
R_replicated,patterns_snort,enron_corpus,pthread_chunked_flat,1,rep04,1,1421183736,17853987,5208.190,5215.259,5209.898,5227.690,0.21,259.88,2.1800,1,4188,55479,56555.52,44.969,1,3,runs/i5_2026-07-02/R_replicated/patterns_snort__enron_corpus__pthread_chunked_flat__T1_rep04.log
R_replicated,patterns_snort,enron_corpus,pthread_chunked_flat,1,rep05,1,1421183736,17853987,5241.916,5245.816,5246.164,5249.367,0.07,258.37,2.1673,1,4188,55479,56555.52,60.552,1,3,runs/i5_2026-07-02/R_replicated/patterns_snort__enron_corpus__pthread_chunked_flat__T1_rep05.log
R_replicated,patterns_snort,enron_corpus,pthread_chunked_flat,2,rep01,2,1421183736,17853987,2940.885,2942.545,2942.805,2943.944,0.05,460.60,3.8638,2,4188,55479,56555.52,45.230,1,3,runs/i5_2026-07-02/R_replicated/patterns_snort__enron_corpus__pthread_chunked_flat__T2_rep01.log
R_replicated,patterns_snort,enron_corpus,pthread_chunked_flat,2,rep02,2,1421183736,17853987,2951.703,2957.726,2952.713,2968.763,0.32,458.24,3.8440,2,4188,55479,56555.52,45.014,1,3,runs/i5_2026-07-02/R_replicated/patterns_snort__enron_corpus__pthread_chunked_flat__T2_rep02.log
R_replicated,patterns_snort,enron_corpus,pthread_chunked_flat,2,rep03,2,1421183736,17853987,2945.288,2946.909,2945.560,2949.880,0.09,459.92,3.8581,2,4188,55479,56555.52,46.134,1,3,runs/i5_2026-07-02/R_replicated/patterns_snort__enron_corpus__pthread_chunked_flat__T2_rep03.log
R_replicated,patterns_snort,enron_corpus,pthread_chunked_flat,2,rep04,2,1421183736,17853987,2948.313,2950.337,2948.900,2953.799,0.10,459.39,3.8536,2,4188,55479,56555.52,45.024,1,3,runs/i5_2026-07-02/R_replicated/patterns_snort__enron_corpus__pthread_chunked_flat__T2_rep04.log
R_replicated,patterns_snort,enron_corpus,pthread_chunked_flat,2,rep05,2,1421183736,17853987,2943.347,2946.452,2946.307,2949.702,0.11,459.99,3.8587,2,4188,55479,56555.52,45.785,1,3,runs/i5_2026-07-02/R_replicated/patterns_snort__enron_corpus__pthread_chunked_flat__T2_rep05.log
R_replicated,patterns_snort,enron_corpus,pthread_chunked_flat,4,rep01,4,1421183736,17853987,2063.636,2072.994,2076.605,2078.740,0.39,653.81,5.4846,4,4188,55479,56555.52,43.408,1,3,runs/i5_2026-07-02/R_replicated/patterns_snort__enron_corpus__pthread_chunked_flat__T4_rep01.log
R_replicated,patterns_snort,enron_corpus,pthread_chunked_flat,4,rep02,4,1421183736,17853987,2070.436,2088.223,2095.964,2098.268,0.74,649.04,5.4446,4,4188,55479,56555.52,43.334,1,3,runs/i5_2026-07-02/R_replicated/patterns_snort__enron_corpus__pthread_chunked_flat__T4_rep02.log
R_replicated,patterns_snort,enron_corpus,pthread_chunked_flat,4,rep03,4,1421183736,17853987,2083.553,2085.425,2084.978,2087.743,0.10,649.91,5.4519,4,4188,55479,56555.52,45.328,1,3,runs/i5_2026-07-02/R_replicated/patterns_snort__enron_corpus__pthread_chunked_flat__T4_rep03.log
R_replicated,patterns_snort,enron_corpus,pthread_chunked_flat,4,rep04,4,1421183736,17853987,2070.581,2079.698,2076.368,2092.146,0.54,651.70,5.4669,4,4188,55479,56555.52,45.620,1,3,runs/i5_2026-07-02/R_replicated/patterns_snort__enron_corpus__pthread_chunked_flat__T4_rep04.log
R_replicated,patterns_snort,enron_corpus,pthread_chunked_flat,4,rep05,4,1421183736,17853987,2069.799,2078.047,2076.285,2088.058,0.45,652.22,5.4712,4,4188,55479,56555.52,44.947,1,3,runs/i5_2026-07-02/R_replicated/patterns_snort__enron_corpus__pthread_chunked_flat__T4_rep05.log
R_replicated,patterns_snort,enron_corpus,pthread_chunked_flat,8,rep01,8,1421183736,17853987,1216.866,1217.727,1216.986,1219.328,0.11,1113.01,9.3366,8,4188,55479,56555.52,43.478,1,3,runs/i5_2026-07-02/R_replicated/patterns_snort__enron_corpus__pthread_chunked_flat__T8_rep01.log
R_replicated,patterns_snort,enron_corpus,pthread_chunked_flat,8,rep02,8,1421183736,17853987,1211.685,1221.294,1223.624,1228.571,0.71,1109.76,9.3094,8,4188,55479,56555.52,44.201,1,3,runs/i5_2026-07-02/R_replicated/patterns_snort__enron_corpus__pthread_chunked_flat__T8_rep02.log
R_replicated,patterns_snort,enron_corpus,pthread_chunked_flat,8,rep03,8,1421183736,17853987,1213.607,1214.952,1214.111,1217.140,0.16,1115.56,9.3580,8,4188,55479,56555.52,45.041,1,3,runs/i5_2026-07-02/R_replicated/patterns_snort__enron_corpus__pthread_chunked_flat__T8_rep03.log
R_replicated,patterns_snort,enron_corpus,pthread_chunked_flat,8,rep04,8,1421183736,17853987,1209.469,1211.020,1210.147,1213.446,0.18,1119.18,9.3883,8,4188,55479,56555.52,44.976,1,3,runs/i5_2026-07-02/R_replicated/patterns_snort__enron_corpus__pthread_chunked_flat__T8_rep04.log
R_replicated,patterns_snort,enron_corpus,pthread_chunked_flat,8,rep05,8,1421183736,17853987,1206.385,1214.195,1215.455,1220.746,0.60,1116.25,9.3638,8,4188,55479,56555.52,43.335,1,3,runs/i5_2026-07-02/R_replicated/patterns_snort__enron_corpus__pthread_chunked_flat__T8_rep05.log
R_replicated,patterns_snort,enron_corpus,pthread_chunked_v2,12,rep01,12,1421183736,17853987,922.830,1519.324,944.031,2691.112,66.80,892.07,7.4832,12,4188,55479,56555.52,44.993,1,3,runs/i5_2026-07-02/R_replicated/patterns_snort__enron_corpus__pthread_chunked_v2__T12_rep01.log
R_replicated,patterns_snort,enron_corpus,pthread_chunked_v2,12,rep02,12,1421183736,17853987,1129.024,1932.998,1478.462,3191.508,57.10,701.16,5.8818,12,4188,55479,56555.52,45.320,1,3,runs/i5_2026-07-02/R_replicated/patterns_snort__enron_corpus__pthread_chunked_v2__T12_rep02.log
R_replicated,patterns_snort,enron_corpus,pthread_chunked_v2,12,rep03,12,1421183736,17853987,943.308,1958.658,2115.699,2816.966,48.33,691.98,5.8047,12,4188,55479,56555.52,45.008,1,3,runs/i5_2026-07-02/R_replicated/patterns_snort__enron_corpus__pthread_chunked_v2__T12_rep03.log
R_replicated,patterns_snort,enron_corpus,pthread_chunked_v2,12,rep04,12,1421183736,17853987,949.028,1944.716,2440.526,2444.594,44.34,696.94,5.8463,12,4188,55479,56555.52,46.043,1,3,runs/i5_2026-07-02/R_replicated/patterns_snort__enron_corpus__pthread_chunked_v2__T12_rep04.log
R_replicated,patterns_snort,enron_corpus,pthread_chunked_v2,12,rep05,12,1421183736,17853987,929.176,940.560,938.150,954.353,1.36,1441.00,12.0880,12,4188,55479,56555.52,42.727,1,3,runs/i5_2026-07-02/R_replicated/patterns_snort__enron_corpus__pthread_chunked_v2__T12_rep05.log
R_replicated,patterns_snort,enron_corpus,pthread_chunked_v2,1,rep01,1,1421183736,17853987,5479.045,5501.212,5510.120,5514.472,0.35,246.37,2.0667,1,4188,55479,56555.52,43.865,1,3,runs/i5_2026-07-02/R_replicated/patterns_snort__enron_corpus__pthread_chunked_v2__T1_rep01.log
R_replicated,patterns_snort,enron_corpus,pthread_chunked_v2,1,rep02,1,1421183736,17853987,5461.439,5480.453,5481.825,5498.095,0.34,247.31,2.0745,1,4188,55479,56555.52,44.678,1,3,runs/i5_2026-07-02/R_replicated/patterns_snort__enron_corpus__pthread_chunked_v2__T1_rep02.log
R_replicated,patterns_snort,enron_corpus,pthread_chunked_v2,1,rep03,1,1421183736,17853987,5505.341,5508.276,5508.170,5511.317,0.05,246.06,2.0641,1,4188,55479,56555.52,43.567,1,3,runs/i5_2026-07-02/R_replicated/patterns_snort__enron_corpus__pthread_chunked_v2__T1_rep03.log
R_replicated,patterns_snort,enron_corpus,pthread_chunked_v2,1,rep04,1,1421183736,17853987,5493.101,5502.198,5506.463,5507.030,0.14,246.33,2.0664,1,4188,55479,56555.52,45.309,1,3,runs/i5_2026-07-02/R_replicated/patterns_snort__enron_corpus__pthread_chunked_v2__T1_rep04.log
R_replicated,patterns_snort,enron_corpus,pthread_chunked_v2,1,rep05,1,1421183736,17853987,5519.478,5524.207,5524.109,5529.034,0.09,245.35,2.0581,1,4188,55479,56555.52,45.723,1,3,runs/i5_2026-07-02/R_replicated/patterns_snort__enron_corpus__pthread_chunked_v2__T1_rep05.log
R_replicated,patterns_snort,enron_corpus,pthread_chunked_v2,2,rep01,2,1421183736,17853987,3087.262,3097.024,3088.662,3115.148,0.51,437.63,3.6711,2,4188,55479,56555.52,44.257,1,3,runs/i5_2026-07-02/R_replicated/patterns_snort__enron_corpus__pthread_chunked_v2__T2_rep01.log
R_replicated,patterns_snort,enron_corpus,pthread_chunked_v2,2,rep02,2,1421183736,17853987,3064.329,3069.829,3070.359,3074.799,0.17,441.51,3.7036,2,4188,55479,56555.52,45.671,1,3,runs/i5_2026-07-02/R_replicated/patterns_snort__enron_corpus__pthread_chunked_v2__T2_rep02.log
R_replicated,patterns_snort,enron_corpus,pthread_chunked_v2,2,rep03,2,1421183736,17853987,3068.117,3075.117,3076.141,3081.094,0.21,440.75,3.6972,2,4188,55479,56555.52,45.281,1,3,runs/i5_2026-07-02/R_replicated/patterns_snort__enron_corpus__pthread_chunked_v2__T2_rep03.log
R_replicated,patterns_snort,enron_corpus,pthread_chunked_v2,2,rep04,2,1421183736,17853987,3079.304,3082.010,3081.122,3085.603,0.11,439.76,3.6890,2,4188,55479,56555.52,44.856,1,3,runs/i5_2026-07-02/R_replicated/patterns_snort__enron_corpus__pthread_chunked_v2__T2_rep04.log
R_replicated,patterns_snort,enron_corpus,pthread_chunked_v2,2,rep05,2,1421183736,17853987,3081.580,3084.172,3084.572,3086.364,0.08,439.45,3.6864,2,4188,55479,56555.52,45.422,1,3,runs/i5_2026-07-02/R_replicated/patterns_snort__enron_corpus__pthread_chunked_v2__T2_rep05.log
R_replicated,patterns_snort,enron_corpus,pthread_chunked_v2,4,rep01,4,1421183736,17853987,2161.187,2170.602,2172.271,2178.348,0.40,624.41,5.2379,4,4188,55479,56555.52,42.644,1,3,runs/i5_2026-07-02/R_replicated/patterns_snort__enron_corpus__pthread_chunked_v2__T4_rep01.log
R_replicated,patterns_snort,enron_corpus,pthread_chunked_v2,4,rep02,4,1421183736,17853987,2187.892,2195.525,2198.739,2199.944,0.30,617.32,5.1785,4,4188,55479,56555.52,44.087,1,3,runs/i5_2026-07-02/R_replicated/patterns_snort__enron_corpus__pthread_chunked_v2__T4_rep02.log
R_replicated,patterns_snort,enron_corpus,pthread_chunked_v2,4,rep03,4,1421183736,17853987,2177.952,2186.924,2187.107,2195.712,0.41,619.75,5.1988,4,4188,55479,56555.52,44.930,1,3,runs/i5_2026-07-02/R_replicated/patterns_snort__enron_corpus__pthread_chunked_v2__T4_rep03.log
R_replicated,patterns_snort,enron_corpus,pthread_chunked_v2,4,rep04,4,1421183736,17853987,2197.733,2201.783,2203.492,2204.125,0.16,615.57,5.1638,4,4188,55479,56555.52,45.643,1,3,runs/i5_2026-07-02/R_replicated/patterns_snort__enron_corpus__pthread_chunked_v2__T4_rep04.log
R_replicated,patterns_snort,enron_corpus,pthread_chunked_v2,4,rep05,4,1421183736,17853987,2164.561,2172.488,2172.545,2180.360,0.36,623.87,5.2334,4,4188,55479,56555.52,44.671,1,3,runs/i5_2026-07-02/R_replicated/patterns_snort__enron_corpus__pthread_chunked_v2__T4_rep05.log
R_replicated,patterns_snort,enron_corpus,pthread_chunked_v2,8,rep01,8,1421183736,17853987,1264.655,1278.376,1283.657,1286.817,0.94,1060.21,8.8937,8,4188,55479,56555.52,42.284,1,3,runs/i5_2026-07-02/R_replicated/patterns_snort__enron_corpus__pthread_chunked_v2__T8_rep01.log
R_replicated,patterns_snort,enron_corpus,pthread_chunked_v2,8,rep02,8,1421183736,17853987,1273.417,1279.426,1280.887,1283.973,0.42,1059.34,8.8864,8,4188,55479,56555.52,44.708,1,3,runs/i5_2026-07-02/R_replicated/patterns_snort__enron_corpus__pthread_chunked_v2__T8_rep02.log
R_replicated,patterns_snort,enron_corpus,pthread_chunked_v2,8,rep03,8,1421183736,17853987,1275.140,1282.935,1279.542,1294.124,0.77,1056.44,8.8621,8,4188,55479,56555.52,44.590,1,3,runs/i5_2026-07-02/R_replicated/patterns_snort__enron_corpus__pthread_chunked_v2__T8_rep03.log
R_replicated,patterns_snort,enron_corpus,pthread_chunked_v2,8,rep04,8,1421183736,17853987,1274.648,1276.935,1277.100,1279.058,0.17,1061.41,8.9037,8,4188,55479,56555.52,43.903,1,3,runs/i5_2026-07-02/R_replicated/patterns_snort__enron_corpus__pthread_chunked_v2__T8_rep04.log
R_replicated,patterns_snort,enron_corpus,pthread_chunked_v2,8,rep05,8,1421183736,17853987,1274.038,1282.287,1283.461,1289.362,0.60,1056.98,8.8666,8,4188,55479,56555.52,43.933,1,3,runs/i5_2026-07-02/R_replicated/patterns_snort__enron_corpus__pthread_chunked_v2__T8_rep05.log
R_replicated,patterns_snort,enron_corpus,pthread_chunked_v3,12,rep01,12,1421183736,17853987,865.712,1706.974,1175.830,3079.381,70.22,794.01,6.6606,12,4188,55479,56555.52,44.793,1,3,runs/i5_2026-07-02/R_replicated/patterns_snort__enron_corpus__pthread_chunked_v3__T12_rep01.log
R_replicated,patterns_snort,enron_corpus,pthread_chunked_v3,12,rep02,12,1421183736,17853987,857.235,1794.550,1445.490,3080.926,64.21,755.26,6.3356,12,4188,55479,56555.52,44.449,1,3,runs/i5_2026-07-02/R_replicated/patterns_snort__enron_corpus__pthread_chunked_v3__T12_rep02.log
R_replicated,patterns_snort,enron_corpus,pthread_chunked_v3,12,rep03,12,1421183736,17853987,1118.299,1888.694,1452.339,3095.444,56.04,717.61,6.0198,12,4188,55479,56555.52,44.869,1,3,runs/i5_2026-07-02/R_replicated/patterns_snort__enron_corpus__pthread_chunked_v3__T12_rep03.log
R_replicated,patterns_snort,enron_corpus,pthread_chunked_v3,12,rep04,12,1421183736,17853987,852.805,1681.730,1109.167,3083.220,72.57,805.92,6.7606,12,4188,55479,56555.52,44.483,1,3,runs/i5_2026-07-02/R_replicated/patterns_snort__enron_corpus__pthread_chunked_v3__T12_rep04.log
R_replicated,patterns_snort,enron_corpus,pthread_chunked_v3,12,rep05,12,1421183736,17853987,871.950,1894.710,2049.388,2762.793,50.40,715.33,6.0006,12,4188,55479,56555.52,44.008,1,3,runs/i5_2026-07-02/R_replicated/patterns_snort__enron_corpus__pthread_chunked_v3__T12_rep05.log
R_replicated,patterns_snort,enron_corpus,pthread_chunked_v3,1,rep01,1,1421183736,17853987,5480.573,5487.761,5490.619,5492.091,0.11,246.98,2.0718,1,4188,55479,56555.52,118.983,1,3,runs/i5_2026-07-02/R_replicated/patterns_snort__enron_corpus__pthread_chunked_v3__T1_rep01.log
R_replicated,patterns_snort,enron_corpus,pthread_chunked_v3,1,rep02,1,1421183736,17853987,5529.248,5538.786,5543.512,5543.599,0.15,244.70,2.0527,1,4188,55479,56555.52,43.898,1,3,runs/i5_2026-07-02/R_replicated/patterns_snort__enron_corpus__pthread_chunked_v3__T1_rep02.log
R_replicated,patterns_snort,enron_corpus,pthread_chunked_v3,1,rep03,1,1421183736,17853987,5514.832,5517.607,5515.337,5522.653,0.08,245.64,2.0606,1,4188,55479,56555.52,43.772,1,3,runs/i5_2026-07-02/R_replicated/patterns_snort__enron_corpus__pthread_chunked_v3__T1_rep03.log
R_replicated,patterns_snort,enron_corpus,pthread_chunked_v3,1,rep04,1,1421183736,17853987,5467.204,5470.399,5467.777,5476.216,0.09,247.76,2.0784,1,4188,55479,56555.52,43.665,1,3,runs/i5_2026-07-02/R_replicated/patterns_snort__enron_corpus__pthread_chunked_v3__T1_rep04.log
R_replicated,patterns_snort,enron_corpus,pthread_chunked_v3,1,rep05,1,1421183736,17853987,5504.285,5512.770,5511.613,5522.412,0.17,245.86,2.0624,1,4188,55479,56555.52,44.788,1,3,runs/i5_2026-07-02/R_replicated/patterns_snort__enron_corpus__pthread_chunked_v3__T1_rep05.log
R_replicated,patterns_snort,enron_corpus,pthread_chunked_v3,2,rep01,2,1421183736,17853987,3072.942,3076.191,3074.221,3081.409,0.15,440.59,3.6960,2,4188,55479,56555.52,46.480,1,3,runs/i5_2026-07-02/R_replicated/patterns_snort__enron_corpus__pthread_chunked_v3__T2_rep01.log
R_replicated,patterns_snort,enron_corpus,pthread_chunked_v3,2,rep02,2,1421183736,17853987,3072.404,3075.067,3074.955,3077.841,0.09,440.75,3.6973,2,4188,55479,56555.52,44.149,1,3,runs/i5_2026-07-02/R_replicated/patterns_snort__enron_corpus__pthread_chunked_v3__T2_rep02.log
R_replicated,patterns_snort,enron_corpus,pthread_chunked_v3,2,rep03,2,1421183736,17853987,3082.622,3083.402,3083.166,3084.417,0.03,439.56,3.6873,2,4188,55479,56555.52,44.092,1,3,runs/i5_2026-07-02/R_replicated/patterns_snort__enron_corpus__pthread_chunked_v3__T2_rep03.log
R_replicated,patterns_snort,enron_corpus,pthread_chunked_v3,2,rep04,2,1421183736,17853987,3088.849,3089.437,3089.648,3089.813,0.02,438.70,3.6801,2,4188,55479,56555.52,46.074,1,3,runs/i5_2026-07-02/R_replicated/patterns_snort__enron_corpus__pthread_chunked_v3__T2_rep04.log
R_replicated,patterns_snort,enron_corpus,pthread_chunked_v3,2,rep05,2,1421183736,17853987,3061.824,3063.062,3062.392,3064.971,0.05,442.48,3.7118,2,4188,55479,56555.52,44.456,1,3,runs/i5_2026-07-02/R_replicated/patterns_snort__enron_corpus__pthread_chunked_v3__T2_rep05.log
R_replicated,patterns_snort,enron_corpus,pthread_chunked_v3,4,rep01,4,1421183736,17853987,2233.418,2235.630,2233.731,2239.741,0.16,606.25,5.0856,4,4188,55479,56555.52,43.611,1,3,runs/i5_2026-07-02/R_replicated/patterns_snort__enron_corpus__pthread_chunked_v3__T4_rep01.log
R_replicated,patterns_snort,enron_corpus,pthread_chunked_v3,4,rep02,4,1421183736,17853987,2236.382,2239.360,2238.603,2243.094,0.15,605.24,5.0771,4,4188,55479,56555.52,44.959,1,3,runs/i5_2026-07-02/R_replicated/patterns_snort__enron_corpus__pthread_chunked_v3__T4_rep02.log
R_replicated,patterns_snort,enron_corpus,pthread_chunked_v3,4,rep03,4,1421183736,17853987,2236.059,2237.098,2237.154,2238.081,0.05,605.85,5.0822,4,4188,55479,56555.52,43.982,1,3,runs/i5_2026-07-02/R_replicated/patterns_snort__enron_corpus__pthread_chunked_v3__T4_rep03.log
R_replicated,patterns_snort,enron_corpus,pthread_chunked_v3,4,rep04,4,1421183736,17853987,2238.435,2241.160,2239.248,2245.798,0.18,604.75,5.0730,4,4188,55479,56555.52,44.074,1,3,runs/i5_2026-07-02/R_replicated/patterns_snort__enron_corpus__pthread_chunked_v3__T4_rep04.log
R_replicated,patterns_snort,enron_corpus,pthread_chunked_v3,4,rep05,4,1421183736,17853987,2234.892,2236.913,2236.951,2238.897,0.09,605.90,5.0827,4,4188,55479,56555.52,44.775,1,3,runs/i5_2026-07-02/R_replicated/patterns_snort__enron_corpus__pthread_chunked_v3__T4_rep05.log
R_replicated,patterns_snort,enron_corpus,pthread_chunked_v3,8,rep01,8,1421183736,17853987,1278.673,1285.774,1288.493,1290.155,0.48,1054.11,8.8425,8,4188,55479,56555.52,61.515,1,3,runs/i5_2026-07-02/R_replicated/patterns_snort__enron_corpus__pthread_chunked_v3__T8_rep01.log
R_replicated,patterns_snort,enron_corpus,pthread_chunked_v3,8,rep02,8,1421183736,17853987,1277.221,1285.720,1288.519,1291.418,0.58,1054.15,8.8429,8,4188,55479,56555.52,61.686,1,3,runs/i5_2026-07-02/R_replicated/patterns_snort__enron_corpus__pthread_chunked_v3__T8_rep02.log
R_replicated,patterns_snort,enron_corpus,pthread_chunked_v3,8,rep03,8,1421183736,17853987,1284.601,1288.634,1289.577,1291.725,0.28,1051.77,8.8229,8,4188,55479,56555.52,60.716,1,3,runs/i5_2026-07-02/R_replicated/patterns_snort__enron_corpus__pthread_chunked_v3__T8_rep03.log
R_replicated,patterns_snort,enron_corpus,pthread_chunked_v3,8,rep04,8,1421183736,17853987,1273.135,1285.661,1291.543,1292.305,0.84,1054.20,8.8433,8,4188,55479,56555.52,61.338,1,3,runs/i5_2026-07-02/R_replicated/patterns_snort__enron_corpus__pthread_chunked_v3__T8_rep04.log
R_replicated,patterns_snort,enron_corpus,pthread_chunked_v3,8,rep05,8,1421183736,17853987,1284.679,1286.710,1287.418,1288.034,0.14,1053.34,8.8361,8,4188,55479,56555.52,61.770,1,3,runs/i5_2026-07-02/R_replicated/patterns_snort__enron_corpus__pthread_chunked_v3__T8_rep05.log
R_replicated,patterns_snort,enron_corpus,pthread_chunked_v3_flat,12,rep01,12,1421183736,17853987,794.056,800.340,803.380,803.584,0.68,1693.46,14.2058,12,4188,55479,56555.52,62.115,1,3,runs/i5_2026-07-02/R_replicated/patterns_snort__enron_corpus__pthread_chunked_v3_flat__T12_rep01.log
R_replicated,patterns_snort,enron_corpus,pthread_chunked_v3_flat,12,rep02,12,1421183736,17853987,793.966,1610.944,1129.800,2909.065,70.56,841.34,7.0576,12,4188,55479,56555.52,61.704,1,3,runs/i5_2026-07-02/R_replicated/patterns_snort__enron_corpus__pthread_chunked_v3_flat__T12_rep02.log
R_replicated,patterns_snort,enron_corpus,pthread_chunked_v3_flat,12,rep03,12,1421183736,17853987,793.786,803.247,807.408,808.547,1.02,1687.33,14.1544,12,4188,55479,56555.52,60.069,1,3,runs/i5_2026-07-02/R_replicated/patterns_snort__enron_corpus__pthread_chunked_v3_flat__T12_rep03.log
R_replicated,patterns_snort,enron_corpus,pthread_chunked_v3_flat,12,rep04,12,1421183736,17853987,807.462,1618.273,1134.684,2912.674,70.00,837.53,7.0257,12,4188,55479,56555.52,59.458,1,3,runs/i5_2026-07-02/R_replicated/patterns_snort__enron_corpus__pthread_chunked_v3_flat__T12_rep04.log
R_replicated,patterns_snort,enron_corpus,pthread_chunked_v3_flat,12,rep05,12,1421183736,17853987,793.585,1660.285,1270.345,2916.925,67.10,816.33,6.8479,12,4188,55479,56555.52,43.604,1,3,runs/i5_2026-07-02/R_replicated/patterns_snort__enron_corpus__pthread_chunked_v3_flat__T12_rep05.log
R_replicated,patterns_snort,enron_corpus,pthread_chunked_v3_flat,1,rep01,1,1421183736,17853987,5223.271,5230.614,5229.945,5238.627,0.15,259.12,2.1736,1,4188,55479,56555.52,43.568,1,3,runs/i5_2026-07-02/R_replicated/patterns_snort__enron_corpus__pthread_chunked_v3_flat__T1_rep01.log
R_replicated,patterns_snort,enron_corpus,pthread_chunked_v3_flat,1,rep02,1,1421183736,17853987,5244.392,5250.170,5251.798,5254.318,0.10,258.15,2.1655,1,4188,55479,56555.52,118.152,1,3,runs/i5_2026-07-02/R_replicated/patterns_snort__enron_corpus__pthread_chunked_v3_flat__T1_rep02.log
R_replicated,patterns_snort,enron_corpus,pthread_chunked_v3_flat,1,rep03,1,1421183736,17853987,5234.261,5236.988,5237.253,5239.450,0.05,258.80,2.1710,1,4188,55479,56555.52,43.523,1,3,runs/i5_2026-07-02/R_replicated/patterns_snort__enron_corpus__pthread_chunked_v3_flat__T1_rep03.log
R_replicated,patterns_snort,enron_corpus,pthread_chunked_v3_flat,1,rep04,1,1421183736,17853987,5237.808,5239.728,5240.415,5240.961,0.03,258.67,2.1699,1,4188,55479,56555.52,117.299,1,3,runs/i5_2026-07-02/R_replicated/patterns_snort__enron_corpus__pthread_chunked_v3_flat__T1_rep04.log
R_replicated,patterns_snort,enron_corpus,pthread_chunked_v3_flat,1,rep05,1,1421183736,17853987,5225.344,5228.553,5225.398,5234.918,0.11,259.22,2.1745,1,4188,55479,56555.52,44.426,1,3,runs/i5_2026-07-02/R_replicated/patterns_snort__enron_corpus__pthread_chunked_v3_flat__T1_rep05.log
R_replicated,patterns_snort,enron_corpus,pthread_chunked_v3_flat,2,rep01,2,1421183736,17853987,2941.951,2944.028,2943.831,2946.301,0.07,460.37,3.8619,2,4188,55479,56555.52,45.941,1,3,runs/i5_2026-07-02/R_replicated/patterns_snort__enron_corpus__pthread_chunked_v3_flat__T2_rep01.log
R_replicated,patterns_snort,enron_corpus,pthread_chunked_v3_flat,2,rep02,2,1421183736,17853987,2950.689,2951.621,2951.727,2952.445,0.03,459.19,3.8519,2,4188,55479,56555.52,46.822,1,3,runs/i5_2026-07-02/R_replicated/patterns_snort__enron_corpus__pthread_chunked_v3_flat__T2_rep02.log
R_replicated,patterns_snort,enron_corpus,pthread_chunked_v3_flat,2,rep03,2,1421183736,17853987,2941.671,2943.828,2942.086,2947.727,0.11,460.40,3.8621,2,4188,55479,56555.52,46.206,1,3,runs/i5_2026-07-02/R_replicated/patterns_snort__enron_corpus__pthread_chunked_v3_flat__T2_rep03.log
R_replicated,patterns_snort,enron_corpus,pthread_chunked_v3_flat,2,rep04,2,1421183736,17853987,2945.877,2946.775,2947.059,2947.388,0.03,459.94,3.8583,2,4188,55479,56555.52,45.765,1,3,runs/i5_2026-07-02/R_replicated/patterns_snort__enron_corpus__pthread_chunked_v3_flat__T2_rep04.log
R_replicated,patterns_snort,enron_corpus,pthread_chunked_v3_flat,2,rep05,2,1421183736,17853987,2943.567,2948.327,2944.038,2957.376,0.27,459.70,3.8562,2,4188,55479,56555.52,45.811,1,3,runs/i5_2026-07-02/R_replicated/patterns_snort__enron_corpus__pthread_chunked_v3_flat__T2_rep05.log
R_replicated,patterns_snort,enron_corpus,pthread_chunked_v3_flat,4,rep01,4,1421183736,17853987,2116.158,2118.387,2119.174,2119.829,0.09,639.80,5.3670,4,4188,55479,56555.52,44.818,1,3,runs/i5_2026-07-02/R_replicated/patterns_snort__enron_corpus__pthread_chunked_v3_flat__T4_rep01.log
R_replicated,patterns_snort,enron_corpus,pthread_chunked_v3_flat,4,rep02,4,1421183736,17853987,2115.620,2118.594,2118.384,2121.779,0.15,639.74,5.3665,4,4188,55479,56555.52,44.816,1,3,runs/i5_2026-07-02/R_replicated/patterns_snort__enron_corpus__pthread_chunked_v3_flat__T4_rep02.log
R_replicated,patterns_snort,enron_corpus,pthread_chunked_v3_flat,4,rep03,4,1421183736,17853987,2117.533,2118.953,2119.460,2119.866,0.06,639.63,5.3656,4,4188,55479,56555.52,43.336,1,3,runs/i5_2026-07-02/R_replicated/patterns_snort__enron_corpus__pthread_chunked_v3_flat__T4_rep03.log
R_replicated,patterns_snort,enron_corpus,pthread_chunked_v3_flat,4,rep04,4,1421183736,17853987,2115.843,2118.130,2119.223,2119.325,0.09,639.88,5.3677,4,4188,55479,56555.52,45.048,1,3,runs/i5_2026-07-02/R_replicated/patterns_snort__enron_corpus__pthread_chunked_v3_flat__T4_rep04.log
R_replicated,patterns_snort,enron_corpus,pthread_chunked_v3_flat,4,rep05,4,1421183736,17853987,2116.567,2118.829,2118.527,2121.392,0.11,639.67,5.3659,4,4188,55479,56555.52,44.988,1,3,runs/i5_2026-07-02/R_replicated/patterns_snort__enron_corpus__pthread_chunked_v3_flat__T4_rep05.log
R_replicated,patterns_snort,enron_corpus,pthread_chunked_v3_flat,8,rep01,8,1421183736,17853987,1216.808,1218.043,1217.726,1219.595,0.12,1112.72,9.3342,8,4188,55479,56555.52,62.124,1,3,runs/i5_2026-07-02/R_replicated/patterns_snort__enron_corpus__pthread_chunked_v3_flat__T8_rep01.log
R_replicated,patterns_snort,enron_corpus,pthread_chunked_v3_flat,8,rep02,8,1421183736,17853987,1217.302,1220.090,1220.549,1222.420,0.21,1110.86,9.3185,8,4188,55479,56555.52,61.309,1,3,runs/i5_2026-07-02/R_replicated/patterns_snort__enron_corpus__pthread_chunked_v3_flat__T8_rep02.log
R_replicated,patterns_snort,enron_corpus,pthread_chunked_v3_flat,8,rep03,8,1421183736,17853987,1220.298,1221.897,1222.591,1222.801,0.11,1109.22,9.3048,8,4188,55479,56555.52,60.200,1,3,runs/i5_2026-07-02/R_replicated/patterns_snort__enron_corpus__pthread_chunked_v3_flat__T8_rep03.log
R_replicated,patterns_snort,enron_corpus,pthread_chunked_v3_flat,8,rep04,8,1421183736,17853987,1215.773,1218.105,1218.093,1220.449,0.19,1112.67,9.3337,8,4188,55479,56555.52,61.362,1,3,runs/i5_2026-07-02/R_replicated/patterns_snort__enron_corpus__pthread_chunked_v3_flat__T8_rep04.log
R_replicated,patterns_snort,enron_corpus,pthread_chunked_v3_flat,8,rep05,8,1421183736,17853987,1215.692,1218.365,1219.029,1220.376,0.20,1112.43,9.3317,8,4188,55479,56555.52,61.638,1,3,runs/i5_2026-07-02/R_replicated/patterns_snort__enron_corpus__pthread_chunked_v3_flat__T8_rep05.log
R_replicated,patterns_snort,enron_corpus,pthread_dynamic,12,rep01,12,1421183736,17853987,925.391,979.045,972.812,1038.933,5.82,1384.36,11.6128,12,4188,55479,56555.52,43.384,1,3,runs/i5_2026-07-02/R_replicated/patterns_snort__enron_corpus__pthread_dynamic__T12_rep01.log
R_replicated,patterns_snort,enron_corpus,pthread_dynamic,12,rep02,12,1421183736,17853987,1133.116,1911.521,1616.615,2984.833,50.24,709.04,5.9479,12,4188,55479,56555.52,44.285,1,3,runs/i5_2026-07-02/R_replicated/patterns_snort__enron_corpus__pthread_dynamic__T12_rep02.log
R_replicated,patterns_snort,enron_corpus,pthread_dynamic,12,rep03,12,1421183736,17853987,917.826,932.224,925.018,953.827,2.04,1453.89,12.1961,12,4188,55479,56555.52,43.763,1,3,runs/i5_2026-07-02/R_replicated/patterns_snort__enron_corpus__pthread_dynamic__T12_rep03.log
R_replicated,patterns_snort,enron_corpus,pthread_dynamic,12,rep04,12,1421183736,17853987,1288.235,1918.176,1470.809,2995.484,48.87,706.58,5.9272,12,4188,55479,56555.52,44.777,1,3,runs/i5_2026-07-02/R_replicated/patterns_snort__enron_corpus__pthread_dynamic__T12_rep04.log
R_replicated,patterns_snort,enron_corpus,pthread_dynamic,12,rep05,12,1421183736,17853987,1097.388,1907.681,1623.593,3002.062,51.56,710.47,5.9598,12,4188,55479,56555.52,42.708,1,3,runs/i5_2026-07-02/R_replicated/patterns_snort__enron_corpus__pthread_dynamic__T12_rep05.log
R_replicated,patterns_snort,enron_corpus,pthread_dynamic,1,rep01,1,1421183736,17853987,5490.523,5499.849,5493.836,5515.188,0.24,246.43,2.0672,1,4188,55479,56555.52,49.799,1,3,runs/i5_2026-07-02/R_replicated/patterns_snort__enron_corpus__pthread_dynamic__T1_rep01.log
R_replicated,patterns_snort,enron_corpus,pthread_dynamic,1,rep02,1,1421183736,17853987,5476.353,5483.888,5478.550,5496.759,0.20,247.15,2.0733,1,4188,55479,56555.52,62.030,1,3,runs/i5_2026-07-02/R_replicated/patterns_snort__enron_corpus__pthread_dynamic__T1_rep02.log
R_replicated,patterns_snort,enron_corpus,pthread_dynamic,1,rep03,1,1421183736,17853987,5502.048,5506.911,5503.360,5515.325,0.13,246.12,2.0646,1,4188,55479,56555.52,44.134,1,3,runs/i5_2026-07-02/R_replicated/patterns_snort__enron_corpus__pthread_dynamic__T1_rep03.log
R_replicated,patterns_snort,enron_corpus,pthread_dynamic,1,rep04,1,1421183736,17853987,5482.724,5491.256,5492.724,5498.319,0.14,246.82,2.0705,1,4188,55479,56555.52,44.631,1,3,runs/i5_2026-07-02/R_replicated/patterns_snort__enron_corpus__pthread_dynamic__T1_rep04.log
R_replicated,patterns_snort,enron_corpus,pthread_dynamic,1,rep05,1,1421183736,17853987,5481.194,5485.108,5484.427,5489.705,0.08,247.10,2.0728,1,4188,55479,56555.52,62.576,1,3,runs/i5_2026-07-02/R_replicated/patterns_snort__enron_corpus__pthread_dynamic__T1_rep05.log
R_replicated,patterns_snort,enron_corpus,pthread_dynamic,2,rep01,2,1421183736,17853987,3081.481,3087.957,3090.649,3091.742,0.18,438.91,3.6819,2,4188,55479,56555.52,45.874,1,3,runs/i5_2026-07-02/R_replicated/patterns_snort__enron_corpus__pthread_dynamic__T2_rep01.log
R_replicated,patterns_snort,enron_corpus,pthread_dynamic,2,rep02,2,1421183736,17853987,3100.953,3104.362,3105.152,3106.981,0.10,436.59,3.6624,2,4188,55479,56555.52,44.389,1,3,runs/i5_2026-07-02/R_replicated/patterns_snort__enron_corpus__pthread_dynamic__T2_rep02.log
R_replicated,patterns_snort,enron_corpus,pthread_dynamic,2,rep03,2,1421183736,17853987,3081.031,3083.469,3083.274,3086.100,0.08,439.55,3.6872,2,4188,55479,56555.52,45.874,1,3,runs/i5_2026-07-02/R_replicated/patterns_snort__enron_corpus__pthread_dynamic__T2_rep03.log
R_replicated,patterns_snort,enron_corpus,pthread_dynamic,2,rep04,2,1421183736,17853987,3067.152,3073.408,3076.170,3076.904,0.18,440.99,3.6993,2,4188,55479,56555.52,45.397,1,3,runs/i5_2026-07-02/R_replicated/patterns_snort__enron_corpus__pthread_dynamic__T2_rep04.log
R_replicated,patterns_snort,enron_corpus,pthread_dynamic,2,rep05,2,1421183736,17853987,3082.608,3087.328,3084.224,3095.151,0.22,439.00,3.6826,2,4188,55479,56555.52,45.463,1,3,runs/i5_2026-07-02/R_replicated/patterns_snort__enron_corpus__pthread_dynamic__T2_rep05.log
R_replicated,patterns_snort,enron_corpus,pthread_dynamic,4,rep01,4,1421183736,17853987,1944.457,1948.001,1948.106,1951.439,0.18,695.76,5.8365,4,4188,55479,56555.52,44.760,1,3,runs/i5_2026-07-02/R_replicated/patterns_snort__enron_corpus__pthread_dynamic__T4_rep01.log
R_replicated,patterns_snort,enron_corpus,pthread_dynamic,4,rep02,4,1421183736,17853987,1947.782,1950.498,1951.187,1952.525,0.13,694.87,5.8290,4,4188,55479,56555.52,43.046,1,3,runs/i5_2026-07-02/R_replicated/patterns_snort__enron_corpus__pthread_dynamic__T4_rep02.log
R_replicated,patterns_snort,enron_corpus,pthread_dynamic,4,rep03,4,1421183736,17853987,1944.549,1958.307,1944.709,1985.663,1.21,692.10,5.8058,4,4188,55479,56555.52,46.125,1,3,runs/i5_2026-07-02/R_replicated/patterns_snort__enron_corpus__pthread_dynamic__T4_rep03.log
R_replicated,patterns_snort,enron_corpus,pthread_dynamic,4,rep04,4,1421183736,17853987,1947.116,1947.871,1947.980,1948.518,0.04,695.81,5.8369,4,4188,55479,56555.52,44.506,1,3,runs/i5_2026-07-02/R_replicated/patterns_snort__enron_corpus__pthread_dynamic__T4_rep04.log
R_replicated,patterns_snort,enron_corpus,pthread_dynamic,4,rep05,4,1421183736,17853987,1952.114,1953.645,1953.272,1955.551,0.09,693.75,5.8196,4,4188,55479,56555.52,45.935,1,3,runs/i5_2026-07-02/R_replicated/patterns_snort__enron_corpus__pthread_dynamic__T4_rep05.log
R_replicated,patterns_snort,enron_corpus,pthread_dynamic,8,rep01,8,1421183736,17853987,1254.772,2261.103,2227.626,3300.909,45.26,599.42,5.0283,8,4188,55479,56555.52,43.438,1,3,runs/i5_2026-07-02/R_replicated/patterns_snort__enron_corpus__pthread_dynamic__T8_rep01.log
R_replicated,patterns_snort,enron_corpus,pthread_dynamic,8,rep02,8,1421183736,17853987,1247.502,1249.829,1247.685,1254.301,0.31,1084.43,9.0968,8,4188,55479,56555.52,43.488,1,3,runs/i5_2026-07-02/R_replicated/patterns_snort__enron_corpus__pthread_dynamic__T8_rep02.log
R_replicated,patterns_snort,enron_corpus,pthread_dynamic,8,rep03,8,1421183736,17853987,1252.544,1255.435,1253.953,1259.809,0.31,1079.58,9.0562,8,4188,55479,56555.52,45.870,1,3,runs/i5_2026-07-02/R_replicated/patterns_snort__enron_corpus__pthread_dynamic__T8_rep03.log
R_replicated,patterns_snort,enron_corpus,pthread_dynamic,8,rep04,8,1421183736,17853987,1254.542,1259.652,1261.803,1262.611,0.35,1075.97,9.0259,8,4188,55479,56555.52,44.609,1,3,runs/i5_2026-07-02/R_replicated/patterns_snort__enron_corpus__pthread_dynamic__T8_rep04.log
R_replicated,patterns_snort,enron_corpus,pthread_dynamic,8,rep05,8,1421183736,17853987,1251.586,1256.191,1258.176,1258.813,0.32,1078.93,9.0507,8,4188,55479,56555.52,43.790,1,3,runs/i5_2026-07-02/R_replicated/patterns_snort__enron_corpus__pthread_dynamic__T8_rep05.log
R_replicated,patterns_snort,enron_corpus,pthread_dynamic_flat,12,rep01,12,1421183736,17853987,824.127,1631.648,1238.170,2832.648,65.00,830.66,6.9681,12,4188,55479,56555.52,44.970,1,3,runs/i5_2026-07-02/R_replicated/patterns_snort__enron_corpus__pthread_dynamic_flat__T12_rep01.log
R_replicated,patterns_snort,enron_corpus,pthread_dynamic_flat,12,rep02,12,1421183736,17853987,824.095,827.560,827.795,830.789,0.41,1637.76,13.7386,12,4188,55479,56555.52,44.610,1,3,runs/i5_2026-07-02/R_replicated/patterns_snort__enron_corpus__pthread_dynamic_flat__T12_rep02.log
R_replicated,patterns_snort,enron_corpus,pthread_dynamic_flat,12,rep03,12,1421183736,17853987,839.761,1850.188,2289.013,2421.790,47.43,732.55,6.1450,12,4188,55479,56555.52,44.432,1,3,runs/i5_2026-07-02/R_replicated/patterns_snort__enron_corpus__pthread_dynamic_flat__T12_rep03.log
R_replicated,patterns_snort,enron_corpus,pthread_dynamic_flat,12,rep04,12,1421183736,17853987,809.819,1485.902,812.807,2835.080,78.63,912.14,7.6516,12,4188,55479,56555.52,43.771,1,3,runs/i5_2026-07-02/R_replicated/patterns_snort__enron_corpus__pthread_dynamic_flat__T12_rep04.log
R_replicated,patterns_snort,enron_corpus,pthread_dynamic_flat,12,rep05,12,1421183736,17853987,831.403,835.791,833.805,842.166,0.68,1621.63,13.6032,12,4188,55479,56555.52,44.522,1,3,runs/i5_2026-07-02/R_replicated/patterns_snort__enron_corpus__pthread_dynamic_flat__T12_rep05.log
R_replicated,patterns_snort,enron_corpus,pthread_dynamic_flat,1,rep01,1,1421183736,17853987,5229.518,5235.263,5232.848,5243.422,0.14,258.89,2.1717,1,4188,55479,56555.52,117.660,1,3,runs/i5_2026-07-02/R_replicated/patterns_snort__enron_corpus__pthread_dynamic_flat__T1_rep01.log
R_replicated,patterns_snort,enron_corpus,pthread_dynamic_flat,1,rep02,1,1421183736,17853987,5248.517,5252.493,5249.498,5259.463,0.12,258.04,2.1646,1,4188,55479,56555.52,43.228,1,3,runs/i5_2026-07-02/R_replicated/patterns_snort__enron_corpus__pthread_dynamic_flat__T1_rep02.log
R_replicated,patterns_snort,enron_corpus,pthread_dynamic_flat,1,rep03,1,1421183736,17853987,5216.041,5219.573,5219.063,5223.614,0.07,259.67,2.1782,1,4188,55479,56555.52,43.748,1,3,runs/i5_2026-07-02/R_replicated/patterns_snort__enron_corpus__pthread_dynamic_flat__T1_rep03.log
R_replicated,patterns_snort,enron_corpus,pthread_dynamic_flat,1,rep04,1,1421183736,17853987,5229.386,5232.552,5231.744,5236.526,0.07,259.02,2.1728,1,4188,55479,56555.52,44.053,1,3,runs/i5_2026-07-02/R_replicated/patterns_snort__enron_corpus__pthread_dynamic_flat__T1_rep04.log
R_replicated,patterns_snort,enron_corpus,pthread_dynamic_flat,1,rep05,1,1421183736,17853987,5240.921,5246.313,5248.130,5249.887,0.09,258.34,2.1671,1,4188,55479,56555.52,44.573,1,3,runs/i5_2026-07-02/R_replicated/patterns_snort__enron_corpus__pthread_dynamic_flat__T1_rep05.log
R_replicated,patterns_snort,enron_corpus,pthread_dynamic_flat,2,rep01,2,1421183736,17853987,2955.671,2962.047,2960.283,2970.187,0.25,457.57,3.8384,2,4188,55479,56555.52,44.560,1,3,runs/i5_2026-07-02/R_replicated/patterns_snort__enron_corpus__pthread_dynamic_flat__T2_rep01.log
R_replicated,patterns_snort,enron_corpus,pthread_dynamic_flat,2,rep02,2,1421183736,17853987,2953.375,2956.244,2956.068,2959.289,0.10,458.47,3.8459,2,4188,55479,56555.52,44.185,1,3,runs/i5_2026-07-02/R_replicated/patterns_snort__enron_corpus__pthread_dynamic_flat__T2_rep02.log
R_replicated,patterns_snort,enron_corpus,pthread_dynamic_flat,2,rep03,2,1421183736,17853987,2962.127,2966.100,2964.733,2971.441,0.16,456.95,3.8331,2,4188,55479,56555.52,46.727,1,3,runs/i5_2026-07-02/R_replicated/patterns_snort__enron_corpus__pthread_dynamic_flat__T2_rep03.log
R_replicated,patterns_snort,enron_corpus,pthread_dynamic_flat,2,rep04,2,1421183736,17853987,2954.390,2957.160,2954.758,2962.331,0.15,458.33,3.8447,2,4188,55479,56555.52,46.627,1,3,runs/i5_2026-07-02/R_replicated/patterns_snort__enron_corpus__pthread_dynamic_flat__T2_rep04.log
R_replicated,patterns_snort,enron_corpus,pthread_dynamic_flat,2,rep05,2,1421183736,17853987,2952.386,2953.238,2952.949,2954.379,0.03,458.94,3.8498,2,4188,55479,56555.52,45.972,1,3,runs/i5_2026-07-02/R_replicated/patterns_snort__enron_corpus__pthread_dynamic_flat__T2_rep05.log
R_replicated,patterns_snort,enron_corpus,pthread_dynamic_flat,4,rep01,4,1421183736,17853987,1860.964,1863.212,1863.938,1864.734,0.11,727.42,6.1021,4,4188,55479,56555.52,43.915,1,3,runs/i5_2026-07-02/R_replicated/patterns_snort__enron_corpus__pthread_dynamic_flat__T4_rep01.log
R_replicated,patterns_snort,enron_corpus,pthread_dynamic_flat,4,rep02,4,1421183736,17853987,1864.174,1872.181,1875.501,1876.868,0.37,723.94,6.0728,4,4188,55479,56555.52,45.071,1,3,runs/i5_2026-07-02/R_replicated/patterns_snort__enron_corpus__pthread_dynamic_flat__T4_rep02.log
R_replicated,patterns_snort,enron_corpus,pthread_dynamic_flat,4,rep03,4,1421183736,17853987,1856.665,1857.371,1856.940,1858.509,0.05,729.71,6.1213,4,4188,55479,56555.52,45.826,1,3,runs/i5_2026-07-02/R_replicated/patterns_snort__enron_corpus__pthread_dynamic_flat__T4_rep03.log
R_replicated,patterns_snort,enron_corpus,pthread_dynamic_flat,4,rep04,4,1421183736,17853987,1861.712,1875.601,1862.628,1902.465,1.24,722.62,6.0618,4,4188,55479,56555.52,45.678,1,3,runs/i5_2026-07-02/R_replicated/patterns_snort__enron_corpus__pthread_dynamic_flat__T4_rep04.log
R_replicated,patterns_snort,enron_corpus,pthread_dynamic_flat,4,rep05,4,1421183736,17853987,1858.247,1858.893,1858.575,1859.857,0.05,729.11,6.1163,4,4188,55479,56555.52,44.151,1,3,runs/i5_2026-07-02/R_replicated/patterns_snort__enron_corpus__pthread_dynamic_flat__T4_rep05.log
R_replicated,patterns_snort,enron_corpus,pthread_dynamic_flat,8,rep01,8,1421183736,17853987,1184.495,1186.687,1187.298,1188.267,0.17,1142.13,9.5809,8,4188,55479,56555.52,43.487,1,3,runs/i5_2026-07-02/R_replicated/patterns_snort__enron_corpus__pthread_dynamic_flat__T8_rep01.log
R_replicated,patterns_snort,enron_corpus,pthread_dynamic_flat,8,rep02,8,1421183736,17853987,1179.437,1183.039,1183.025,1186.654,0.31,1145.65,9.6104,8,4188,55479,56555.52,44.354,1,3,runs/i5_2026-07-02/R_replicated/patterns_snort__enron_corpus__pthread_dynamic_flat__T8_rep02.log
R_replicated,patterns_snort,enron_corpus,pthread_dynamic_flat,8,rep03,8,1421183736,17853987,1184.117,1190.426,1192.227,1194.936,0.47,1138.54,9.5508,8,4188,55479,56555.52,44.028,1,3,runs/i5_2026-07-02/R_replicated/patterns_snort__enron_corpus__pthread_dynamic_flat__T8_rep03.log
R_replicated,patterns_snort,enron_corpus,pthread_dynamic_flat,8,rep04,8,1421183736,17853987,1180.413,1181.005,1180.874,1181.730,0.06,1147.62,9.6269,8,4188,55479,56555.52,44.544,1,3,runs/i5_2026-07-02/R_replicated/patterns_snort__enron_corpus__pthread_dynamic_flat__T8_rep04.log
R_replicated,patterns_snort,enron_corpus,pthread_dynamic_flat,8,rep05,8,1421183736,17853987,1178.849,1182.060,1180.122,1187.209,0.38,1146.60,9.6184,8,4188,55479,56555.52,45.440,1,3,runs/i5_2026-07-02/R_replicated/patterns_snort__enron_corpus__pthread_dynamic_flat__T8_rep05.log
R_replicated,patterns_snort,enron_corpus,sequential,1,rep01,1,1421183736,17853987,5478.761,5493.201,5493.076,5507.767,0.26,246.73,2.0697,1,4188,55479,56555.52,44.190,1,3,runs/i5_2026-07-02/R_replicated/patterns_snort__enron_corpus__sequential__T1_rep01.log
R_replicated,patterns_snort,enron_corpus,sequential,1,rep02,1,1421183736,17853987,5499.417,5504.800,5506.379,5508.605,0.09,246.21,2.0654,1,4188,55479,56555.52,116.741,1,3,runs/i5_2026-07-02/R_replicated/patterns_snort__enron_corpus__sequential__T1_rep02.log
R_replicated,patterns_snort,enron_corpus,sequential,1,rep03,1,1421183736,17853987,5500.336,5504.536,5505.888,5507.385,0.07,246.22,2.0655,1,4188,55479,56555.52,43.751,1,3,runs/i5_2026-07-02/R_replicated/patterns_snort__enron_corpus__sequential__T1_rep03.log
R_replicated,patterns_snort,enron_corpus,sequential,1,rep04,1,1421183736,17853987,5459.794,5467.186,5463.788,5477.977,0.17,247.91,2.0796,1,4188,55479,56555.52,44.999,1,3,runs/i5_2026-07-02/R_replicated/patterns_snort__enron_corpus__sequential__T1_rep04.log
R_replicated,patterns_snort,enron_corpus,sequential,1,rep05,1,1421183736,17853987,5485.857,5488.015,5488.094,5490.093,0.04,246.96,2.0717,1,4188,55479,56555.52,45.693,1,3,runs/i5_2026-07-02/R_replicated/patterns_snort__enron_corpus__sequential__T1_rep05.log
